{"Fruits": {"\u06af\u0648\u0686\u0647 \u0633\u0628\u0632": {"rating": 1443.70914421909, "image": "images/Fruits/goje-sabz.jpg", "plays": 27}, "\u062a\u0648\u062a \u0641\u0631\u0646\u06af\u06cc": {"rating": 1564.5737688099384, "image": "images/Fruits/tot-farangi.jpg", "plays": 18}, "\u06af\u06cc\u0644\u0627\u0633": {"rating": 1440.8192205726054, "image": "images/Fruits/gilas.jpg", "plays": 26}, "\u0622\u0644\u0628\u0627\u0644\u0648": {"rating": 1465.1231201802968, "image": "images/Fruits/albaloo.jpg", "plays": 28}, "\u0632\u0631\u062f\u0622\u0644\u0648": {"rating": 1483.7954478217193, "image": "images/Fruits/zardaloo.jpg", "plays": 23}, "\u0647\u0644\u0648": {"rating": 1388.4889725074895, "image": "images/Fruits/holoo.jpg", "plays": 34}, "\u0634\u0644\u06cc\u0644": {"rating": 1502.6645583965721, "image": "images/Fruits/shalil.jpg", "plays": 25}, "\u0622\u0644\u0648": {"rating": 1514.8089885227514, "image": "images/Fruits/aloo.jpg", "plays": 26}, "\u06af\u0644\u0627\u0628\u06cc": {"rating": 1217.02063802039, "image": "images/Fruits/golabi.jpg", "plays": 26}, "\u0633\u06cc\u0628": {"rating": 1444.87302243085, "image": "images/Fruits/sib.jpg", "plays": 21}, "\u0627\u0646\u0627\u0631": {"rating": 1589.3268347814242, "image": "images/Fruits/anar.jpg", "plays": 32}, "\u062e\u0631\u0645\u0627\u0644\u0648": {"rating": 1174.3264884358578, "image": "images/Fruits/khormaloo.jpg", "plays": 35}, "\u0647\u0646\u062f\u0648\u0627\u0646\u0647": {"rating": 1480.6611169991063, "image": "images/Fruits/hendovane.jpg", "plays": 18}, "\u0637\u0627\u0644\u0628\u06cc": {"rating": 1395.946277667907, "image": "images/Fruits/talabi.jpg", "plays": 27}, "\u062e\u0631\u0628\u0632\u0647": {"rating": 1223.5350951482546, "image": "images/Fruits/kharboze.jpg", "plays": 26}, "\u067e\u0631\u062a\u0642\u0627\u0644": {"rating": 1528.017720848534, "image": "images/Fruits/porteghal.jpg", "plays": 32}, "\u0646\u0627\u0631\u0646\u06af\u06cc": {"rating": 1355.8851919805143, "image": "images/Fruits/narenji.jpg", "plays": 20}, "\u0644\u06cc\u0645\u0648": {"rating": 1453.436940337911, "image": "images/Fruits/limoo.jpg", "plays": 31}, "\u0645\u0648\u0632": {"rating": 1367.4829328595483, "image": "images/Fruits/moz.jpg", "plays": 27}, "\u0627\u0646\u06af\u0648\u0631": {"rating": 1218.5232632268117, "image": "images/Fruits/angor.jpg", "plays": 24}, "\u0627\u0646\u062c\u06cc\u0631": {"rating": 1301.8316680385806, "image": "images/Fruits/anjir.jpg", "plays": 20}, "\u0622\u0646\u0627\u0646\u0627\u0633": {"rating": 1410.3687669812875, "image": "images/Fruits/ananas.jpg", "plays": 20}, "\u06a9\u06cc\u0648\u06cc": {"rating": 1234.7808212125592, "image": "images/Fruits/kiwi.jpg", "plays": 32}}, "Football": {"\u0631\u0626\u0627\u0644 \u0645\u0627\u062f\u0631\u06cc\u062f": {"rating": 1463.3088727999145, "image": "images/Football/real-madrid.jpg", "plays": 23}, "\u0628\u0627\u0631\u0633\u0644\u0648\u0646\u0627": {"rating": 1343.742844798444, "image": "images/Football/barcelona.jpg", "plays": 18}, "\u0627\u062a\u0644\u062a\u06cc\u06a9\u0648 \u0645\u0627\u062f\u0631\u06cc\u062f": {"rating": 1298.62632767443, "image": "images/Football/atletico-madrid.jpg", "plays": 18}, "\u0645\u0646\u0686\u0633\u062a\u0631\u0633\u06cc\u062a\u06cc": {"rating": 1397.4311909153075, "image": "images/Football/manchester-city.jpg", "plays": 15}, "\u0645\u0646\u0686\u0633\u062a\u0631\u06cc\u0648\u0646\u0627\u06cc\u062a\u062f": {"rating": 1354.814990459985, "image": "images/Football/manchester-united.jpg", "plays": 27}, "\u0644\u06cc\u0648\u0631\u067e\u0648\u0644": {"rating": 1513.9605254463854, "image": "images/Football/liverpool.jpg", "plays": 16}, "\u0622\u0631\u0633\u0646\u0627\u0644": {"rating": 1438.6871524706398, "image": "images/Football/arsenal.jpg", "plays": 18}, "\u0686\u0644\u0633\u06cc": {"rating": 1425.4710665334296, "image": "images/Football/chelsea.jpg", "plays": 25}, "\u0628\u0627\u06cc\u0631\u0646 \u0645\u0648\u0646\u06cc\u062e": {"rating": 1440.7785434666648, "image": "images/Football/bayern-munich.jpg", "plays": 16}, "\u062f\u0648\u0631\u062a\u0645\u0648\u0646\u062f": {"rating": 1474.9014175057494, "image": "images/Football/dortmund.jpg", "plays": 17}, "\u067e\u0627\u0631\u06cc\u0633\u0646 \u0698\u0631\u0645\u0646": {"rating": 1283.2400801287422, "image": "images/Football/paris-saint-germain.jpg", "plays": 23}, "\u06cc\u0648\u0648\u0646\u062a\u0648\u0633": {"rating": 1382.1150481759369, "image": "images/Football/juventus.jpg", "plays": 17}, "\u0627\u06cc\u0646\u062a\u0631 \u0645\u06cc\u0644\u0627\u0646": {"rating": 1403.7758881558568, "image": "images/Football/inter-milan.jpg", "plays": 13}, "\u0645\u06cc\u0644\u0627\u0646": {"rating": 1379.146051468514, "image": "images/Football/milan.jpg", "plays": 18}}, "Animations": {"\u0634\u0631\u06a9\u062a \u0647\u06cc\u0648\u0644\u0627\u0647\u0627": {"rating": 1426.6102294332943, "image": "images/Animations/monster.jpg", "plays": 7}, "\u062f\u0631 \u062c\u0633\u062a\u062c\u0648\u06cc \u0646\u0645\u0648": {"rating": 1419.616197960898, "image": "images/Animations/finding-nemo.jpg", "plays": 11}, "\u0634\u06af\u0641\u062a\u200c\u0627\u0646\u06af\u06cc\u0632\u0627\u0646": {"rating": 1362.8459687027264, "image": "images/Animations/incredibles.jpg", "plays": 14}, "\u0645\u0627\u0634\u06cc\u0646\u200c\u0647\u0627": {"rating": 1399.4470993598027, "image": "images/Animations/cars.jpg", "plays": 8}, "\u0631\u0627\u062a\u0627\u062a\u0648\u06cc\u06cc": {"rating": 1388.5769832062679, "image": "images/Animations/ratatouille.jpg", "plays": 13}, "\u0648\u0627\u0644-\u0626\u06cc": {"rating": 1399.7765212083302, "image": "images/Animations/walle.jpg", "plays": 12}, "\u0628\u0627\u0644\u0627": {"rating": 1414.963863887337, "image": "images/Animations/up.jpg", "plays": 6}, "\u062f\u0627\u0633\u062a\u0627\u0646 \u0627\u0633\u0628\u0627\u0628\u200c\u0628\u0627\u0632\u06cc\u200c\u0647\u0627 \u06f1": {"rating": 1395.7388292330936, "image": "images/Animations/toy-story-1.jpg", "plays": 3}, "\u062f\u0627\u0633\u062a\u0627\u0646 \u0627\u0633\u0628\u0627\u0628\u200c\u0628\u0627\u0632\u06cc\u200c\u0647\u0627 \u06f2": {"rating": 1403.571232557716, "image": "images/Animations/toy-story-2.jpeg", "plays": 3}, "\u062f\u0627\u0633\u062a\u0627\u0646 \u0627\u0633\u0628\u0627\u0628\u200c\u0628\u0627\u0632\u06cc\u200c\u0647\u0627 \u06f3": {"rating": 1415.8006446628942, "image": "images/Animations/toy-story-3.jpg", "plays": 4}, "\u062f\u0627\u0633\u062a\u0627\u0646 \u0627\u0633\u0628\u0627\u0628\u200c\u0628\u0627\u0632\u06cc\u200c\u0647\u0627 \u06f4": {"rating": 1373.0524297876395, "image": "images/Animations/toy-story-4.jpeg", "plays": 7}}}