{"Fruits": {"\u06af\u0648\u0686\u0647 \u0633\u0628\u0632": {"rating": 1441.1378711154207, "image": "images/Fruits/goje-sabz.jpg", "plays": 31}, "\u062a\u0648\u062a \u0641\u0631\u0646\u06af\u06cc": {"rating": 1567.9691756332281, "image": "images/Fruits/tot-farangi.jpg", "plays": 19}, "\u06af\u06cc\u0644\u0627\u0633": {"rating": 1435.7572802447269, "image": "images/Fruits/gilas.jpg", "plays": 31}, "\u0622\u0644\u0628\u0627\u0644\u0648": {"rating": 1465.7007996131604, "image": "images/Fruits/albaloo.jpg", "plays": 31}, "\u0632\u0631\u062f\u0622\u0644\u0648": {"rating": 1484.7215490683943, "image": "images/Fruits/zardaloo.jpg", "plays": 29}, "\u0647\u0644\u0648": {"rating": 1379.37842485551, "image": "images/Fruits/holoo.jpg", "plays": 37}, "\u0634\u0644\u06cc\u0644": {"rating": 1503.0602750076005, "image": "images/Fruits/shalil.jpg", "plays": 28}, "\u0622\u0644\u0648": {"rating": 1501.9273487288783, "image": "images/Fruits/aloo.jpg", "plays": 31}, "\u06af\u0644\u0627\u0628\u06cc": {"rating": 1227.430003501666, "image": "images/Fruits/golabi.jpg", "plays": 29}, "\u0633\u06cc\u0628": {"rating": 1447.9551712266734, "image": "images/Fruits/sib.jpg", "plays": 22}, "\u0627\u0646\u0627\u0631": {"rating": 1592.4818339109959, "image": "images/Fruits/anar.jpg", "plays": 33}, "\u062e\u0631\u0645\u0627\u0644\u0648": {"rating": 1190.0237639819309, "image": "images/Fruits/khormaloo.jpg", "plays": 39}, "\u0647\u0646\u062f\u0648\u0627\u0646\u0647": {"rating": 1466.398971049093, "image": "images/Fruits/hendovane.jpg", "plays": 21}, "\u0637\u0627\u0644\u0628\u06cc": {"rating": 1395.946277667907, "image": "images/Fruits/talabi.jpg", "plays": 27}, "\u062e\u0631\u0628\u0632\u0647": {"rating": 1224.5485199755578, "image": "images/Fruits/kharboze.jpg", "plays": 29}, "\u067e\u0631\u062a\u0642\u0627\u0644": {"rating": 1507.2475011272907, "image": "images/Fruits/porteghal.jpg", "plays": 37}, "\u0646\u0627\u0631\u0646\u06af\u06cc": {"rating": 1360.6221603152628, "image": "images/Fruits/narenji.jpg", "plays": 23}, "\u0644\u06cc\u0645\u0648": {"rating": 1453.436940337911, "image": "images/Fruits/limoo.jpg", "plays": 31}, "\u0645\u0648\u0632": {"rating": 1374.5928170248408, "image": "images/Fruits/moz.jpg", "plays": 31}, "\u0627\u0646\u06af\u0648\u0631": {"rating": 1229.612044019041, "image": "images/Fruits/angor.jpg", "plays": 29}, "\u0627\u0646\u062c\u06cc\u0631": {"rating": 1299.3403183471132, "image": "images/Fruits/anjir.jpg", "plays": 21}, "\u0622\u0646\u0627\u0646\u0627\u0633": {"rating": 1415.9301320352374, "image": "images/Fruits/ananas.jpg", "plays": 23}, "\u06a9\u06cc\u0648\u06cc": {"rating": 1234.7808212125592, "image": "images/Fruits/kiwi.jpg", "plays": 32}}, "Football": {"\u0631\u0626\u0627\u0644 \u0645\u0627\u062f\u0631\u06cc\u062f": {"rating": 1463.3088727999145, "image": "images/Football/real-madrid.jpg", "plays": 23}, "\u0628\u0627\u0631\u0633\u0644\u0648\u0646\u0627": {"rating": 1335.6105521831714, "image": "images/Football/barcelona.jpg", "plays": 20}, "\u0627\u062a\u0644\u062a\u06cc\u06a9\u0648 \u0645\u0627\u062f\u0631\u06cc\u062f": {"rating": 1295.2676421685312, "image": "images/Football/atletico-madrid.jpg", "plays": 19}, "\u0645\u0646\u0686\u0633\u062a\u0631\u0633\u06cc\u062a\u06cc": {"rating": 1397.4311909153075, "image": "images/Football/manchester-city.jpg", "plays": 15}, "\u0645\u0646\u0686\u0633\u062a\u0631\u06cc\u0648\u0646\u0627\u06cc\u062a\u062f": {"rating": 1358.1736759658838, "image": "images/Football/manchester-united.jpg", "plays": 28}, "\u0644\u06cc\u0648\u0631\u067e\u0648\u0644": {"rating": 1508.5114960646586, "image": "images/Football/liverpool.jpg", "plays": 17}, "\u0622\u0631\u0633\u0646\u0627\u0644": {"rating": 1435.102581214631, "image": "images/Football/arsenal.jpg", "plays": 19}, "\u0686\u0644\u0633\u06cc": {"rating": 1420.940868322274, "image": "images/Football/chelsea.jpg", "plays": 26}, "\u0628\u0627\u06cc\u0631\u0646 \u0645\u0648\u0646\u06cc\u062e": {"rating": 1440.7785434666648, "image": "images/Football/bayern-munich.jpg", "plays": 16}, "\u062f\u0648\u0631\u062a\u0645\u0648\u0646\u062f": {"rating": 1478.485988761758, "image": "images/Football/dortmund.jpg", "plays": 18}, "\u067e\u0627\u0631\u06cc\u0633\u0646 \u0698\u0631\u0645\u0646": {"rating": 1293.1647093823806, "image": "images/Football/paris-saint-germain.jpg", "plays": 25}, "\u06cc\u0648\u0648\u0646\u062a\u0648\u0633": {"rating": 1387.5640775576637, "image": "images/Football/juventus.jpg", "plays": 18}, "\u0627\u06cc\u0646\u062a\u0631 \u0645\u06cc\u0644\u0627\u0646": {"rating": 1398.4412879396796, "image": "images/Football/inter-milan.jpg", "plays": 14}, "\u0645\u06cc\u0644\u0627\u0646": {"rating": 1387.2185132574812, "image": "images/Football/milan.jpg", "plays": 20}}, "Animations": {"\u0634\u0631\u06a9\u062a \u0647\u06cc\u0648\u0644\u0627\u0647\u0627": {"rating": 1426.6102294332943, "image": "images/Animations/monster.jpg", "plays": 7}, "\u062f\u0631 \u062c\u0633\u062a\u062c\u0648\u06cc \u0646\u0645\u0648": {"rating": 1415.4316046785932, "image": "images/Animations/finding-nemo.jpg", "plays": 12}, "\u0634\u06af\u0641\u062a\u200c\u0627\u0646\u06af\u06cc\u0632\u0627\u0646": {"rating": 1367.4509544562177, "image": "images/Animations/incredibles.jpg", "plays": 15}, "\u0645\u0627\u0634\u06cc\u0646\u200c\u0647\u0627": {"rating": 1399.4470993598027, "image": "images/Animations/cars.jpg", "plays": 8}, "\u0631\u0627\u062a\u0627\u062a\u0648\u06cc\u06cc": {"rating": 1392.7483341839873, "image": "images/Animations/ratatouille.jpg", "plays": 14}, "\u0648\u0627\u0644-\u0626\u06cc": {"rating": 1399.2981030962583, "image": "images/Animations/walle.jpg", "plays": 14}, "\u0628\u0627\u0644\u0627": {"rating": 1410.7427531204958, "image": "images/Animations/up.jpg", "plays": 7}, "\u062f\u0627\u0633\u062a\u0627\u0646 \u0627\u0633\u0628\u0627\u0628\u200c\u0628\u0627\u0632\u06cc\u200c\u0647\u0627 \u06f1": {"rating": 1399.959939999935, "image": "images/Animations/toy-story-1.jpg", "plays": 4}, "\u062f\u0627\u0633\u062a\u0627\u0646 \u0627\u0633\u0628\u0627\u0628\u200c\u0628\u0627\u0632\u06cc\u200c\u0647\u0627 \u06f2": {"rating": 1407.7558258400209, "image": "images/Animations/toy-story-2.jpeg", "plays": 4}, "\u062f\u0627\u0633\u062a\u0627\u0646 \u0627\u0633\u0628\u0627\u0628\u200c\u0628\u0627\u0632\u06cc\u200c\u0647\u0627 \u06f3": {"rating": 1411.195658909403, "image": "images/Animations/toy-story-3.jpg", "plays": 5}, "\u062f\u0627\u0633\u062a\u0627\u0646 \u0627\u0633\u0628\u0627\u0628\u200c\u0628\u0627\u0632\u06cc\u200c\u0647\u0627 \u06f4": {"rating": 1369.359496921992, "image": "images/Animations/toy-story-4.jpeg", "plays": 8}}}