{"Fruits": {"\u06af\u0648\u0686\u0647 \u0633\u0628\u0632": {"rating": 1435.2766461261588, "image": "images/Fruits/goje-sabz.jpg", "plays": 21}, "\u062a\u0648\u062a \u0641\u0631\u0646\u06af\u06cc": {"rating": 1448.5171652826143, "image": "images/Fruits/tot-farangi.jpg", "plays": 3}, "\u06af\u06cc\u0644\u0627\u0633": {"rating": 1425.9091939862176, "image": "images/Fruits/gilas.jpg", "plays": 16}, "\u0622\u0644\u0628\u0627\u0644\u0648": {"rating": 1447.355990088647, "image": "images/Fruits/albaloo.jpg", "plays": 20}, "\u0632\u0631\u062f\u0622\u0644\u0648": {"rating": 1400.1914391089852, "image": "images/Fruits/zardaloo.jpg", "plays": 10}, "\u0647\u0644\u0648": {"rating": 1398.9378397107776, "image": "images/Fruits/holoo.jpg", "plays": 16}, "\u0634\u0644\u06cc\u0644": {"rating": 1423.5793339206848, "image": "images/Fruits/shalil.jpg", "plays": 13}, "\u0622\u0644\u0648": {"rating": 1470.5505513163655, "image": "images/Fruits/aloo.jpg", "plays": 21}, "\u06af\u0644\u0627\u0628\u06cc": {"rating": 1239.4175945621535, "image": "images/Fruits/golabi.jpg", "plays": 17}, "\u0633\u06cc\u0628": {"rating": 1465.138631495425, "image": "images/Fruits/sib.jpg", "plays": 11}, "\u0627\u0646\u0627\u0631": {"rating": 1514.448807631121, "image": "images/Fruits/anar.jpg", "plays": 20}, "\u062e\u0631\u0645\u0627\u0644\u0648": {"rating": 1274.502688417598, "image": "images/Fruits/khormaloo.jpg", "plays": 18}, "\u0647\u0646\u062f\u0648\u0627\u0646\u0647": {"rating": 1442.6773792755428, "image": "images/Fruits/hendovane.jpg", "plays": 10}, "\u0637\u0627\u0644\u0628\u06cc": {"rating": 1370.6264253374945, "image": "images/Fruits/talabi.jpg", "plays": 13}, "\u062e\u0631\u0628\u0632\u0647": {"rating": 1252.2455779332408, "image": "images/Fruits/kharboze.jpg", "plays": 18}, "\u067e\u0631\u062a\u0642\u0627\u0644": {"rating": 1454.9730198992893, "image": "images/Fruits/porteghal.jpg", "plays": 21}, "\u0646\u0627\u0631\u0646\u06af\u06cc": {"rating": 1438.2125815683767, "image": "images/Fruits/narenji.jpg", "plays": 11}, "\u0644\u06cc\u0645\u0648": {"rating": 1416.3980436775823, "image": "images/Fruits/limoo.jpg", "plays": 16}, "\u0645\u0648\u0632": {"rating": 1387.4627198504306, "image": "images/Fruits/moz.jpg", "plays": 16}, "\u0627\u0646\u06af\u0648\u0631": {"rating": 1313.5288477708443, "image": "images/Fruits/angor.jpg", "plays": 11}, "\u0627\u0646\u062c\u06cc\u0631": {"rating": 1379.9150158586006, "image": "images/Fruits/anjir.jpg", "plays": 11}, "\u0622\u0646\u0627\u0646\u0627\u0633": {"rating": 1414.9931962929618, "image": "images/Fruits/ananas.jpg", "plays": 15}, "\u06a9\u06cc\u0648\u06cc": {"rating": 1385.141310888888, "image": "images/Fruits/kiwi.jpg", "plays": 14}}, "Football": {"\u0631\u0626\u0627\u0644 \u0645\u0627\u062f\u0631\u06cc\u062f": {"rating": 1492.0429302079517, "image": "images/Football/real-madrid.jpg", "plays": 7}, "\u0628\u0627\u0631\u0633\u0644\u0648\u0646\u0627": {"rating": 1334.0553807450904, "image": "images/Football/barcelona.jpg", "plays": 5}, "\u0627\u062a\u0644\u062a\u06cc\u06a9\u0648 \u0645\u0627\u062f\u0631\u06cc\u062f": {"rating": 1281.5715569979373, "image": "images/Football/atletico-madrid.jpg", "plays": 9}, "\u0645\u0646\u0686\u0633\u062a\u0631\u0633\u06cc\u062a\u06cc": {"rating": 1382.9471139554955, "image": "images/Football/manchester-city.jpg", "plays": 5}, "\u0645\u0646\u0686\u0633\u062a\u0631\u06cc\u0648\u0646\u0627\u06cc\u062a\u062f": {"rating": 1336.2663774362395, "image": "images/Football/manchester-united.jpg", "plays": 9}, "\u0644\u06cc\u0648\u0631\u067e\u0648\u0644": {"rating": 1508.7129887275935, "image": "images/Football/liverpool.jpg", "plays": 8}, "\u0622\u0631\u0633\u0646\u0627\u0644": {"rating": 1445.7804386114826, "image": "images/Football/arsenal.jpg", "plays": 7}, "\u0686\u0644\u0633\u06cc": {"rating": 1427.985788683803, "image": "images/Football/chelsea.jpg", "plays": 6}, "\u0628\u0627\u06cc\u0631\u0646 \u0645\u0648\u0646\u06cc\u062e": {"rating": 1454.8561173819169, "image": "images/Football/bayern-munich.jpg", "plays": 6}, "\u062f\u0648\u0631\u062a\u0645\u0648\u0646\u062f": {"rating": 1460.910100253583, "image": "images/Football/dortmund.jpg", "plays": 5}, "\u067e\u0627\u0631\u06cc\u0633\u0646 \u0698\u0631\u0645\u0646": {"rating": 1282.1335815041673, "image": "images/Football/paris-saint-germain.jpg", "plays": 11}, "\u06cc\u0648\u0648\u0646\u062a\u0648\u0633": {"rating": 1378.2240857053641, "image": "images/Football/juventus.jpg", "plays": 7}, "\u0627\u06cc\u0646\u062a\u0631 \u0645\u06cc\u0644\u0627\u0646": {"rating": 1415.2959979258842, "image": "images/Football/inter-milan.jpg", "plays": 1}, "\u0645\u06cc\u0644\u0627\u0646": {"rating": 1399.2175418634909, "image": "images/Football/milan.jpg", "plays": 6}}}