{"Fruits": {"Apple": {"rating": 1413.9307986127992, "image": "images/fruits/apple.jpg", "plays": 67}, "Banana": {"rating": 1413.5421344171946, "image": "images/fruits/banana.jpg", "plays": 50}, "Orange": {"rating": 1316.9807199319712, "image": "images/fruits/orange.jpg", "plays": 56}, "\u0645\u0648\u0632": {"rating": 1368.895101193691, "image": "images/fruits/orange.jpg", "plays": 64}, "\u06a9\u0631\u0641\u0633": {"rating": 1384.7484618692915, "image": "images/fruits/orange.jpg", "plays": 45}, "\u0634\u0644\u063a\u0645": {"rating": 1501.9027839750527, "image": "images/fruits/orange.jpg", "plays": 24}}, "Actresses": {"Meryl Streep": {"rating": 1445.1004474267124, "image": "images/fruits/apple.jpg", "plays": 3}, "Viola Davis": {"rating": 1384.736306793522, "image": "images/fruits/apple.jpg", "plays": 1}, "Cate Blanchett": {"rating": 1370.1632457797655, "image": "images/fruits/apple.jpg", "plays": 2}}, "Cars": {"Tesla Model S": {"rating": 1400, "image": "images/fruits/apple.jpg", "plays": 0}, "Ford Mustang": {"rating": 1400, "image": "images/fruits/apple.jpg", "plays": 0}, "Toyota Camry": {"rating": 1400, "image": "images/fruits/apple.jpg", "plays": 0}}, "\u0641\u0648\u062a\u0628\u0627\u0644": {"\u0631\u0626\u0627\u0644 \u0645\u0627\u062f\u0631\u06cc\u062f": {"rating": 1447.3143899402019, "image": "images/fruits/apple.jpg", "plays": 16}, "\u062f\u0648\u0631\u062a\u0645\u0648\u0646\u062f": {"rating": 1495.0549351177763, "image": "images/fruits/apple.jpg", "plays": 9}, "\u0628\u0627\u0631\u0633\u0644\u0648\u0646\u0627": {"rating": 1257.6306749420219, "image": "images/fruits/apple.jpg", "plays": 13}}}