{"Fruits": {"\u06af\u0648\u0686\u0647 \u0633\u0628\u0632": {"rating": 1421.790203469238, "image": "images/Fruits/goje-sabz.jpg", "plays": 18}, "\u062a\u0648\u062a \u0641\u0631\u0646\u06af\u06cc": {"rating": 1448.5171652826143, "image": "images/Fruits/tot-farangi.jpg", "plays": 3}, "\u06af\u06cc\u0644\u0627\u0633": {"rating": 1412.6509954424569, "image": "images/Fruits/gilas.jpg", "plays": 15}, "\u0622\u0644\u0628\u0627\u0644\u0648": {"rating": 1443.749518726472, "image": "images/Fruits/albaloo.jpg", "plays": 15}, "\u0632\u0631\u062f\u0622\u0644\u0648": {"rating": 1410.058597586311, "image": "images/Fruits/zardaloo.jpg", "plays": 7}, "\u0647\u0644\u0648": {"rating": 1408.8622747398808, "image": "images/Fruits/holoo.jpg", "plays": 13}, "\u0634\u0644\u06cc\u0644": {"rating": 1479.183739901532, "image": "images/Fruits/shalil.jpg", "plays": 8}, "\u0622\u0644\u0648": {"rating": 1451.07865931715, "image": "images/Fruits/aloo.jpg", "plays": 15}, "\u06af\u0644\u0627\u0628\u06cc": {"rating": 1270.9528440201145, "image": "images/Fruits/golabi.jpg", "plays": 14}, "\u0633\u06cc\u0628": {"rating": 1453.3918512116932, "image": "images/Fruits/sib.jpg", "plays": 8}, "\u0627\u0646\u0627\u0631": {"rating": 1527.4815053272873, "image": "images/Fruits/anar.jpg", "plays": 18}, "\u062e\u0631\u0645\u0627\u0644\u0648": {"rating": 1270.5852110300623, "image": "images/Fruits/khormaloo.jpg", "plays": 16}, "\u0647\u0646\u062f\u0648\u0627\u0646\u0647": {"rating": 1428.6969760060506, "image": "images/Fruits/hendovane.jpg", "plays": 9}, "\u0637\u0627\u0644\u0628\u06cc": {"rating": 1368.6112191802895, "image": "images/Fruits/talabi.jpg", "plays": 11}, "\u062e\u0631\u0628\u0632\u0647": {"rating": 1259.8634284325888, "image": "images/Fruits/kharboze.jpg", "plays": 17}, "\u067e\u0631\u062a\u0642\u0627\u0644": {"rating": 1492.93627577789, "image": "images/Fruits/porteghal.jpg", "plays": 19}, "\u0646\u0627\u0631\u0646\u06af\u06cc": {"rating": 1430.4280951797, "image": "images/Fruits/narenji.jpg", "plays": 8}, "\u0644\u06cc\u0645\u0648": {"rating": 1403.0457206972392, "image": "images/Fruits/limoo.jpg", "plays": 13}, "\u0645\u0648\u0632": {"rating": 1368.5158790900073, "image": "images/Fruits/moz.jpg", "plays": 10}, "\u0627\u0646\u06af\u0648\u0631": {"rating": 1326.7862870087579, "image": "images/Fruits/angor.jpg", "plays": 10}, "\u0627\u0646\u062c\u06cc\u0631": {"rating": 1379.9150158586006, "image": "images/Fruits/anjir.jpg", "plays": 11}, "\u0622\u0646\u0627\u0646\u0627\u0633": {"rating": 1397.3057230422758, "image": "images/Fruits/ananas.jpg", "plays": 14}, "\u06a9\u06cc\u0648\u06cc": {"rating": 1345.5928136717885, "image": "images/Fruits/kiwi.jpg", "plays": 10}}, "Football": {"\u0631\u0626\u0627\u0644 \u0645\u0627\u062f\u0631\u06cc\u062f": {"rating": 1492.0429302079517, "image": "images/Football/real-madrid.jpg", "plays": 7}, "\u0628\u0627\u0631\u0633\u0644\u0648\u0646\u0627": {"rating": 1334.0553807450904, "image": "images/Football/barcelona.jpg", "plays": 5}, "\u0627\u062a\u0644\u062a\u06cc\u06a9\u0648 \u0645\u0627\u062f\u0631\u06cc\u062f": {"rating": 1281.5715569979373, "image": "images/Football/atletico-madrid.jpg", "plays": 9}, "\u0645\u0646\u0686\u0633\u062a\u0631\u0633\u06cc\u062a\u06cc": {"rating": 1382.9471139554955, "image": "images/Football/manchester-city.jpg", "plays": 5}, "\u0645\u0646\u0686\u0633\u062a\u0631\u06cc\u0648\u0646\u0627\u06cc\u062a\u062f": {"rating": 1336.2663774362395, "image": "images/Football/manchester-united.jpg", "plays": 9}, "\u0644\u06cc\u0648\u0631\u067e\u0648\u0644": {"rating": 1508.7129887275935, "image": "images/Football/liverpool.jpg", "plays": 8}, "\u0622\u0631\u0633\u0646\u0627\u0644": {"rating": 1445.7804386114826, "image": "images/Football/arsenal.jpg", "plays": 7}, "\u0686\u0644\u0633\u06cc": {"rating": 1427.985788683803, "image": "images/Football/chelsea.jpg", "plays": 6}, "\u0628\u0627\u06cc\u0631\u0646 \u0645\u0648\u0646\u06cc\u062e": {"rating": 1454.8561173819169, "image": "images/Football/bayern-munich.jpg", "plays": 6}, "\u062f\u0648\u0631\u062a\u0645\u0648\u0646\u062f": {"rating": 1460.910100253583, "image": "images/Football/dortmund.jpg", "plays": 5}, "\u067e\u0627\u0631\u06cc\u0633\u0646 \u0698\u0631\u0645\u0646": {"rating": 1282.1335815041673, "image": "images/Football/paris-saint-germain.jpg", "plays": 11}, "\u06cc\u0648\u0648\u0646\u062a\u0648\u0633": {"rating": 1378.2240857053641, "image": "images/Football/juventus.jpg", "plays": 7}, "\u0627\u06cc\u0646\u062a\u0631 \u0645\u06cc\u0644\u0627\u0646": {"rating": 1415.2959979258842, "image": "images/Football/inter-milan.jpg", "plays": 1}, "\u0645\u06cc\u0644\u0627\u0646": {"rating": 1399.2175418634909, "image": "images/Football/milan.jpg", "plays": 6}}}